units_layer1,units_layer2,dropout_layer2,learning_rate,val_mean_squared_error
70,80,0.4,0.006276,0.000371
40,30,0.4,0.005676,0.000379
80,90,0.5,0.004973,0.000392
90,50,0.2,0.003856,0.000403
50,40,0.2,0.004188,0.000425
100,70,0.1,0.006417,0.000446
100,60,0.3,0.001626,0.000452
60,90,0.3,0.00152,0.000466
50,100,0.4,0.002185,0.000492
80,50,0.2,0.003436,0.000552
