{
    "Chicago": [
        243815.19138690512,
        243609.741444212,
        244089.03141011225,
        245551.84573939958,
        247924.51338807508,
        250781.90260600427,
        253823.81776788834,
        256940.84781498028,
        260181.46527676948,
        263506.5202038651,
        266738.3696255749,
        269797.65039845277,
        272570.59128593764,
        274813.65254157287,
        276180.03441519546,
        276789.30463391455,
        277152.31891522947,
        277922.77121926047,
        279525.7965842814,
        282187.0028814807,
        285953.0778350562,
        290386.58215582866,
        294616.2537266775,
        297974.7242905394,
        299961.5060529615,
        300660.8308414636,
        300065.7959988113,
        298839.5398981811,
        297561.052894182
    ],
    "Dallas": [
        264477.9882490963,
        265004.9504790076,
        266435.14566977095,
        268780.94212205685,
        271860.8068704048,
        275335.078567605,
        279068.499060235,
        282960.13887828204,
        287154.4044064311,
        291741.806539397,
        296904.2306254197,
        302575.7490778735,
        308404.0021151705,
        313716.792526736,
        318111.7374637702,
        321851.6338943396,
        325630.16445252247,
        329975.77690327563,
        335474.0431352271,
        342315.9404009986,
        350663.37775392487,
        359820.7506652372,
        369019.7847910651,
        377473.8708516019,
        384118.80185319454,
        388132.628470314,
        389127.5122768155,
        388084.49953419366,
        386174.46998919634
    ],
    "Los Angeles": [
        692544.9290561635,
        693201.5832442492,
        698572.0705147897,
        708525.1676634861,
        721688.9770687326,
        735842.1510229711,
        748704.9469669862,
        758599.652844801,
        764871.8536209548,
        770316.0554244065,
        777113.3135715654,
        786932.8232959826,
        798450.9500349005,
        809731.6899532856,
        819290.1940348997,
        827117.2176524765,
        834729.5953206928,
        843406.814249998,
        853931.749192711,
        866502.7835550575,
        881149.8300265797,
        896656.3052880504,
        911183.4066026635,
        922394.87648475,
        929209.5203024615,
        931006.980650698,
        928616.8011421977,
        923773.0353919951,
        918697.8497435736
    ],
    "New York": [
        509887.5932987767,
        509468.2893496628,
        509492.4925586458,
        511056.0866236728,
        514634.8232013089,
        519754.69534577895,
        525637.0887676041,
        531819.9417088333,
        537842.5007502207,
        543810.439667937,
        549563.5879312077,
        555058.3930056775,
        560011.1866265103,
        563933.9195284845,
        566691.5464358805,
        568774.716199577,
        571179.797646154,
        574383.60938058,
        578257.6046931917,
        582503.8159368624,
        587532.0169964815,
        593368.6386597155,
        599892.8067298412,
        606356.9144870202,
        611911.6431866228,
        615482.7427422936,
        616182.6314222041,
        614732.020184814,
        612365.4270071214
    ],
    "Seattle": [
        547429.2011193582,
        549271.7580011125,
        553010.9039008636,
        559514.3400117726,
        568304.5255808163,
        577965.8287059321,
        587693.9319862393,
        597203.3998868112,
        607282.9227475519,
        618817.0650151232,
        631998.8509533181,
        645871.1858998514,
        658419.7535050324,
        667627.8025234927,
        672886.638920431,
        675436.3929378501,
        677797.4504802091,
        682004.6249858593,
        690155.6994271566,
        703157.3156733043,
        721506.8166971529,
        742586.2686994319,
        762656.0151895363,
        776850.237929678,
        781858.9079312682,
        777144.6152688558,
        765275.801059322,
        751585.1003061825,
        740130.811319551
    ]
}