{
    "Chicago": [
        232897.16163369134,
        234381.72009849394,
        236396.53805597677,
        237819.1283392185,
        238918.06107466368,
        239058.34498490387,
        239044.30327331604,
        238175.51313433703,
        237636.958145704,
        236668.35564401525,
        235848.82862468934,
        235719.71561486842,
        235869.9440149966,
        236083.1832753021,
        236844.58670338412,
        237810.2127480533,
        238266.042442052,
        238215.51157218684,
        237812.54155007325,
        237099.58363462353,
        236786.41258586367,
        235597.1572411076,
        234595.6024205012,
        234210.09611688842,
        234016.75502295472,
        234212.4846317807
    ],
    "Dallas": [
        242490.02293423557,
        242812.53242630314,
        243458.26628264994,
        242787.8182726995,
        242813.85275151042,
        244642.81683201157,
        246151.29932324972,
        248557.92391847156,
        250074.6566186016,
        251227.66525527663,
        253115.74489091476,
        254290.09027472397,
        254702.11198015357,
        255500.84307902787,
        256792.11383713255,
        258328.86295918952,
        259149.8207481554,
        261223.86928343098,
        261772.67959818046,
        263350.6651754681,
        263829.1408181259,
        262772.16578009084,
        262149.49019987776,
        261616.75721527662,
        261497.4829751428,
        261480.42087204984
    ],
    "Los Angeles": [
        570766.5070091581,
        560758.4687230266,
        554962.2536714613,
        557287.4704618917,
        561322.6971337586,
        565374.7315868774,
        563350.3128224303,
        558703.8610394057,
        552750.1735407114,
        551222.6372024349,
        551925.2905177609,
        553430.4292432071,
        560741.2972198568,
        564294.7263535102,
        567551.7986972287,
        575177.5732816188,
        583036.7041911369,
        590867.4265045524,
        598591.5017230303,
        606430.6662135896,
        601384.5031862113,
        598326.1761556576,
        595103.0639531021,
        585556.7993564486,
        582743.2380332851,
        575486.2774734985
    ],
    "New York": [
        464194.037022309,
        464795.731627199,
        466861.61950581823,
        468842.89356986916,
        471473.3584229197,
        474030.36436355434,
        476298.12736881827,
        477977.8186423702,
        477520.35324487014,
        477850.69361828064,
        479481.3196665411,
        478166.5203607588,
        477495.19138133375,
        476269.80290664965,
        475490.36535537575,
        475261.4733008807,
        473838.05058161163,
        473210.0827090148,
        473685.9843404019,
        475071.2842622051,
        477138.29988917377,
        478071.7486389558,
        479039.20962519076,
        479233.86879681674,
        479701.0508087191,
        480960.3534547823
    ],
    "Seattle": [
        497435.9029617878,
        486597.03149586054,
        487577.1367520538,
        490704.7362058521,
        492185.48458591505,
        492896.8115052883,
        492890.76689081267,
        494040.469124663,
        495644.2626706268,
        498093.5238955599,
        501825.10453987954,
        505033.4368582495,
        511060.53023218265,
        513422.5502816155,
        519171.6741926082,
        525882.7860769549,
        532700.9787207519,
        538494.6837335757,
        540220.9925066372,
        540135.4239504852,
        542933.9314074081,
        541809.7159178811,
        538640.8143585973,
        532010.9321564503,
        525019.9629021763,
        517387.2211964676
    ]
}