{
    "Chicago": 1835577187.085052,
    "Dallas": 4633362129.259891,
    "Los Angeles": 29418955979.53306,
    "New York": 5683125649.332472,
    "Seattle": 22521767499.17946
}