{
    "Chicago": 2201825924.889306,
    "Dallas": 7954978579.524978,
    "Los Angeles": 79063219734.43828,
    "New York": 11173335469.471205,
    "Seattle": 33581018913.821575
}