{
    "Chicago": [
        228913.7251086997,
        230099.30122186212,
        230696.99951386606,
        231729.47182243378,
        233017.32230596413,
        234317.44608140248,
        235537.21470390732,
        235798.43555376027,
        235311.7067449917,
        234628.34344771682,
        234782.32916550248,
        235242.56383215828,
        235982.16746855044,
        237011.39690882212,
        237114.4291733386,
        238082.73311066584,
        238548.13064412726,
        239850.41326956436,
        240939.14429044086,
        242247.33849023635,
        242264.3704387374,
        241120.11563321133,
        240606.0750753092,
        240324.53347568045,
        239797.97158778537,
        239063.31033990107,
        239274.0829992505,
        239608.38781150914,
        239236.79460714385
    ],
    "Dallas": [
        251594.21962912072,
        251424.72926342385,
        254961.42093301745,
        257893.30153307546,
        262161.0375744807,
        266373.4950279259,
        269719.46170929004,
        271188.2614981658,
        274476.644493418,
        274379.4948187741,
        273457.003291907,
        272886.8124623369,
        272752.5915572875,
        273281.99090310564,
        272556.86246357637,
        273210.5912173109,
        276754.31489519076,
        278528.16086924885,
        280767.47618848085,
        283125.8396148002,
        283821.93548899813,
        281802.59656175895,
        281269.6812117977,
        279002.2962163358,
        276915.1465535891,
        277909.5921569457,
        277822.3631578924,
        275558.21697122627,
        275884.8406258182
    ],
    "Los Angeles": [
        636181.3004763504,
        637591.6226408154,
        631399.6398562152,
        625425.4690705736,
        618772.516613366,
        619847.4680264023,
        626186.5284685874,
        629731.1517031793,
        634790.3321465616,
        636601.5715806867,
        641101.6348634443,
        653377.6898826247,
        666845.6041965113,
        684771.3709074372,
        694730.287591413,
        698750.6399511696,
        702118.8197691328,
        706054.9035035232,
        709647.7868936235,
        714213.1095457299,
        712896.015051763,
        704713.1907787019,
        705406.0236022485,
        702937.8449548815,
        696897.9936481968,
        692496.5372916685,
        690378.9674297584,
        684385.7491015818,
        670366.0877817197
    ],
    "New York": [
        482713.75697552424,
        484704.036682192,
        485014.60059903935,
        484153.6137667555,
        486426.0348630281,
        488250.2331950126,
        492348.7076875837,
        493303.6490327216,
        494512.7260167858,
        497309.8116024258,
        500250.5134887441,
        500433.18420508987,
        500592.60532683966,
        501768.0623347465,
        502702.30377720896,
        504121.4198053173,
        504386.358946548,
        504541.0647726627,
        505049.0745436517,
        505429.60789070313,
        506391.7978792177,
        506942.6947758446,
        508963.5054088429,
        509125.0676180388,
        510055.00236934057,
        509016.2807627623,
        508926.4694992791,
        508417.4300450145,
        507579.8562491164
    ],
    "Seattle": [
        485058.3044985945,
        494701.3524941931,
        493912.4889036559,
        494211.5896763796,
        500694.2648153107,
        512620.80255392205,
        520036.0375020341,
        523426.70188992884,
        532873.672528291,
        543735.6294533388,
        552355.4815437974,
        555757.0924800987,
        559154.0002095203,
        554847.717493564,
        553012.2082058389,
        552295.4328531438,
        556891.9233062802,
        554318.2092654998,
        552279.9652643212,
        553094.7461744595,
        557863.632344558,
        553534.6616235836,
        551932.2922881538,
        551444.0199232246,
        549029.8505834253,
        545027.38840766,
        547443.7768661982,
        546938.21524781,
        546300.731988565
    ]
}