{
    "Chicago": 2121252602.6153247,
    "Dallas": 6895505334.415506,
    "Los Angeles": 49992463107.464516,
    "New York": 7810879614.580649,
    "Seattle": 43429967869.399445
}