{
    "Chicago": [
        241961.16225305703,
        242734.24643762183,
        242777.40506440605,
        242634.88881140115,
        242727.99495922108,
        243044.32619691535,
        243254.2353162653,
        243804.6318268065,
        244093.1827989845,
        243337.121376325,
        242007.84393930735,
        240701.8866755744,
        240040.2129308405,
        238741.88972816712,
        237872.5070537629,
        236777.8231188472,
        236465.34106476782,
        236097.610823911,
        234876.09674821564,
        234763.85032817244,
        234707.3757308638,
        234490.47101885825,
        233550.6914613022,
        232933.62782547934,
        233039.5722408452,
        232773.80402610122
    ],
    "Dallas": [
        241279.03670227074,
        242758.39179819028,
        244827.02772957744,
        247117.4491173299,
        248702.1676237132,
        249166.39688443835,
        249338.13399137193,
        248829.42946662038,
        251154.0625959316,
        255204.74009110586,
        258611.97423885646,
        259783.16105462838,
        262054.06205423345,
        263680.3233896524,
        264501.46354397846,
        265978.7396747926,
        268149.8503493392,
        270213.7301921344,
        271130.99877508765,
        271860.8687139801,
        271495.14592617814,
        271628.564423643,
        270330.05011343426,
        269018.33255115274,
        268688.28042779054,
        268133.97726839426
    ],
    "Los Angeles": [
        652066.0129309064,
        653570.7113613995,
        654850.5530736848,
        655832.3151027405,
        656656.528111632,
        657308.9303725313,
        653729.0069686583,
        649500.0696606986,
        649603.8452668118,
        645092.1237394273,
        640822.8898716322,
        637587.1814047671,
        632219.1244801758,
        622400.7001727475,
        618399.6250746319,
        620853.7142835006,
        624959.1009989765,
        629098.1224202153,
        632684.248239949,
        636410.7898631948,
        632017.12481301,
        631362.3296447571,
        632854.2403783522,
        626980.897136964,
        627448.4138040909,
        626730.5607412546
    ],
    "New York": [
        488360.7607053502,
        490432.3281861642,
        492039.90894206596,
        493386.4731596917,
        495246.40803901124,
        497552.261153383,
        499745.92782325094,
        501994.2494276207,
        502548.05558810564,
        502507.6772939409,
        500801.52479462384,
        500032.0490204369,
        498703.08748357027,
        497893.7972893933,
        495691.2393861615,
        493495.7176519796,
        492962.04751999537,
        491499.43963162694,
        490276.527300058,
        490510.95185913704,
        490679.50120484596,
        490742.6387682374,
        491361.0207798637,
        491087.7787957123,
        491791.28129145515,
        491357.27796287776
    ],
    "Seattle": [
        469830.5792269152,
        463700.1312257428,
        464296.3123795024,
        465341.18609381665,
        465240.1665094296,
        466209.3583383915,
        467141.056997017,
        469316.9691629513,
        472162.210598094,
        476883.93221469515,
        484128.3778228427,
        485434.09735251433,
        492269.34740154387,
        495267.4099391003,
        498194.5931617098,
        501546.5223351977,
        502357.9414460522,
        504356.63876403146,
        504165.49646190106,
        503737.78616584133,
        506919.4559381681,
        508243.8723712452,
        508980.91788316815,
        507320.25527937064,
        508107.6615381987,
        506574.16768661566
    ]
}