{
    "Chicago": 71779738.82005177,
    "Dallas": 322946021.408668,
    "Los Angeles": 1119620147.3345468,
    "New York": 235900164.17647263,
    "Seattle": 1339281537.5384953
}