{
    "Chicago": [
        244683.51856315238,
        245767.12741614354,
        247435.46700805824,
        249687.83175364402,
        252432.6806015277,
        255481.68394138687,
        258665.1689858767,
        261839.60872027758,
        264989.5578376111,
        268038.55574490136,
        270776.01108357386,
        272988.8424068241,
        274679.9479599261,
        275982.9857284011,
        277051.40281722794,
        278157.550609098,
        279669.6608983551,
        281937.9245271583,
        284956.18937005504,
        288401.6283040791,
        291963.90106279776,
        295174.04410439514,
        297638.5422840706,
        299020.2601446754,
        299400.52297557134,
        299110.9418678228
    ],
    "Dallas": [
        266629.4651855766,
        268432.8786747062,
        270885.112118688,
        273924.7205911459,
        277410.4728743434,
        281244.74148701807,
        285405.1527998159,
        289932.18475185084,
        294865.0767421523,
        300072.90432728373,
        305310.51157607784,
        310343.7432708218,
        315127.818004755,
        319673.4784896292,
        324043.7571835229,
        328662.8385147833,
        333973.05242676055,
        340319.5773286003,
        347647.3969002321,
        355667.8625960318,
        364068.6243027633,
        371969.77625921584,
        378576.20663068956,
        383300.69156420865,
        386101.65069369413,
        387153.54922975524
    ],
    "Los Angeles": [
        700535.0483598248,
        707445.280156491,
        717207.1107688803,
        728615.0573152361,
        740144.3149567667,
        750357.0023219628,
        759510.5011956963,
        767856.4832081832,
        775902.3384584687,
        784383.5027296534,
        793422.5017624255,
        803111.5086654412,
        812784.0838436885,
        822230.6426369891,
        831348.5041424489,
        840524.4834225938,
        850616.1894378751,
        862278.3221382886,
        875294.0272403808,
        888843.0950788604,
        901772.3532556649,
        912932.912795256,
        921095.1936266808,
        925505.8388134739,
        926491.2778472282,
        924852.4151971358
    ],
    "New York": [
        510471.83996122476,
        512051.5562754858,
        514623.5939522123,
        518346.5876956385,
        523227.38245507114,
        528798.5980479999,
        534723.7642177705,
        540691.7648200205,
        546450.446877949,
        551910.8131472238,
        556748.7537298462,
        560874.969720779,
        564392.9514130437,
        567556.8585873191,
        570537.5779082302,
        573516.1604463843,
        576841.8067915082,
        580957.8131885307,
        585813.1216764536,
        591198.3113333518,
        596944.4657417509,
        602640.1409231691,
        607687.7747360674,
        611269.7729546123,
        613321.8316857184,
        613924.0848747076
    ],
    "Seattle": [
        553471.7705655654,
        558788.1417909643,
        565488.3663033978,
        573604.1359990059,
        582753.9627338137,
        592624.3757267421,
        603255.4985006812,
        614601.1254200645,
        626577.0543237017,
        638618.4092600778,
        649813.3267384054,
        659378.9124101412,
        666928.0732214412,
        672712.6265018509,
        677445.6319531451,
        682796.0461825033,
        690477.3830767567,
        701755.7208415061,
        716370.9840632943,
        732906.6654314203,
        749178.5273134155,
        762222.5883153501,
        769900.3152291961,
        771063.0194945,
        766722.0041187253,
        758637.7132942034
    ]
}