{
    "Chicago": 24207704.96397773,
    "Dallas": 103053946.00059289,
    "Los Angeles": 377293240.89948076,
    "New York": 76662955.16487668,
    "Seattle": 492230546.0705847
}